x1,x2,x3,y
-0.1891203907770335,-1.3303136257389898,0.9216501119244593,-99.88478837736102
-0.6533292325737119,-0.4749453111609562,1.7654542402810969,-58.794289444665935
-0.22485598180807856,0.07685188295876821,-0.6500025808234597,-30.44813883266519
0.5705986685931593,-0.6626237589458467,-0.7632591565425169,-15.32312159514121
0.3278795241593574,-0.12545426000290022,0.08589300629333041,17.96112468771078
-0.033126972873797095,-0.7309300399419191,1.7945578635177877,-24.44710106098524
-0.5767713305683327,-0.9075636620415979,0.755391225825756,-115.74527453481876
-0.46440426230938764,-0.9811655311396816,0.4620608932518965,-117.03784014993057
1.0035328978920242,-0.07201012158033385,0.36163602504763415,108.3681657179639
0.06447441481012024,0.4865016438262019,-1.9754665663538713,-4.059017434299661
-0.7449026448064491,-0.16306696394376388,-0.6751782749743815,-104.79403652671034
0.8128621188389601,0.30729952087660933,0.6296288419236122,117.99916427559046
1.0470983026121545,0.22445181855997204,1.6839276914578687,154.9655298088014
0.2801611588196068,-0.02640575695892703,-0.8096035199216461,7.026227772054768
-0.6568942789713957,1.2004139079444254,-1.0469109826819396,-5.394640847275221
0.024510174258942714,-0.7730097838554665,0.49799829124544975,-50.48347406463218
2.1451491277733883,-0.8353470532597573,-1.1875984190295128,117.77053066516446
-0.8463159774657358,1.2637066776546686,0.543479378670093,24.04662620213319
2.98525900260341,0.17521141890851205,0.3674816654743044,310.4984364222577
-0.18289644110484016,-0.7280029412291344,1.3748764191481848,-47.735797503708994
0.1848361236948739,0.4933179008808892,-0.8583577801812136,37.26226971681375
-0.32138584165299344,-0.8254971967925115,0.41293145427562433,-99.71532260068611
2.0740826697499735,0.23924686411114954,-0.9193845915864234,200.09313289346724
-0.8571575564162826,0.6256673477650062,-1.0708924980611123,-55.10252732276972
1.5327389130025777,0.5193465142411723,-0.1087601484568576,184.78863236402847
0.822544912103189,-1.0577109289559004,-1.2208436499710222,-32.25470631142488
0.21329370737293857,-1.8936146669537857,0.0012054753622242368,-128.01243916394245
-0.23052462518025083,-0.7179188907476018,1.1797252083607102,-44.99561308367004
-0.2646568332379561,1.4535340771573169,2.720169166589619,154.67603647504433
0.975816719344709,-0.2950899142379063,0.9184544439424138,101.57632463929674
-1.4153707420504142,-0.23458713337514692,-0.42064532276535904,-159.55487675343363
1.5774532797634744,0.24938368371075526,-0.0952955323869521,179.1264100265779
0.742095372009307,-0.6057149230033384,0.2992925804064919,28.42867345995698
1.2179591523055584,0.22054142701386686,-0.513196364513396,132.0525948720796
1.9870611116994412,-0.8798143535020543,-0.5309708978119645,112.72671750542266
-0.30372602877666466,-0.6581164890752567,-1.345870923473215,-125.42772901527952
1.4033699701251907,-0.8610879101735704,0.6979032725390276,86.26172316149372
-1.5255251709247388,-1.0700847663261526,-0.6919080698812444,-250.20793050690432
-1.2257656630023412,1.5739867632900328,-1.4643748802098202,-34.32040053894557
1.8820244964750337,0.4714683571359957,1.3454200461549777,261.36154571935276
-1.879924385139045,-1.5859833122379583,1.8709651753717822,-260.25390297097505
0.21539650545628794,0.7682072166317373,0.5082686396745896,91.44249253116702
-0.8848027140269009,-0.4432822511915103,-0.172946059923423,-130.77304725520204
0.6453759495851475,0.9715709509543554,1.3686315575323487,183.23499371489748
0.24333944932269183,-0.045586016355497805,-0.24123605785632987,17.662715552972532
0.6969544045107356,-0.29548031802916036,-0.33381948975600995,26.792521391527913
-0.78489831308224,0.014688194729197093,0.648280433843859,-50.31265203585592
-0.7188323876087304,1.2958717818630143,0.7450053128772811,55.59107861123754
0.8141517621182666,1.8325570434792018,0.48206672733538614,243.54154867582534
0.42719436187168486,0.9694572005267368,-0.646227309843803,100.57642692684618
1.2361307218062179,0.9653974845911707,0.08865759096143744,204.8189716509269
0.28872366282502326,0.7324921027798023,-1.6548874362282961,38.3359153893997
-1.1958830620351844,0.3946715298229811,0.4446026682201407,-73.25438100761771
-2.0417348684242906,0.20838280794755248,-0.24717738252059693,-186.8888583097323
-0.7128457826771644,-0.543424771133765,0.10643022769189683,-102.70345813062777
0.6337768809320985,0.3098207102270275,0.41379909745149823,100.0333743749193
-0.39210815313215763,-0.3276621465977682,-1.4635149481321186,-104.33072258871104
-0.8323555731042287,-0.5707462937494763,0.4714155563864041,-117.85804678055767
-1.5558956462036273,0.2337859117907477,0.33088023221445706,-125.80669686155517
3.0788808084552377,0.3112501545435361,1.1195749114345768,354.0066116586823
0.8968393158655319,1.6122206282554243,-0.2685306479058323,216.4836917371609
1.5795721457307124,1.453384477117701,-0.5228600271532683,264.32241349584245
-0.6095122021592831,-0.30522470435466764,-0.186971302985446,-92.59134505140842
0.26105527217988933,0.29612027706457605,0.00511345664246089,51.73423623749373
1.5337277099164992,-0.6292633936927887,-0.5358014630522978,80.13726084502858
0.49097495163825133,1.6073455760199926,0.7348777860498175,201.955153210726
1.1873860515647512,0.985729995679863,2.589563642018614,273.6297704428449
-0.2176812032272203,-0.20219265243389406,1.09877685198719,-11.804431674281052
-1.3353443587101013,0.17770100093325383,0.3801978510059632,-97.41057046530888
0.29219272832637316,-0.6677795564688862,-0.1873290184063747,-29.002555610957025
-0.57581824064468,-0.5305011476105275,-0.275051697151644,-107.2668366551608
0.5219415656168976,-1.3204566130842763,0.29698467323318606,-52.214240571255424
-0.9093874547947389,0.7910319470430469,1.4027943109360992,20.364404189920823
-0.03703679704841202,-0.6117690909052854,-0.42930222451725997,-72.32427345887949
-0.06418817710849775,-0.19469729611668168,0.09175248444837286,-28.31873172555715
-0.36361221221385587,0.1503017614618776,-0.056945623721067457,-26.545137792755657
1.3175975356079597,0.1684609762696143,-1.0065425652796411,115.93944962184375
1.173473857485325,0.6628812686674127,0.18102155870370695,171.95243201594317
-0.01926037973439464,0.7846042878980238,-0.2628908292082677,51.86949034721102
0.12267031599479553,-0.9533286082587124,1.6246784584695606,-26.40624197297811
-0.6004235657387051,1.4196030045136372,-1.8665399513606162,1.6587818921077453
-0.6176518954343502,0.1973157074055956,-0.31607285602704976,-50.91352844610572
0.8108082731597821,-0.1343087414705478,0.793488720552213,94.3785171938264
-0.9746816702273214,0.6565536086338297,0.787084603742452,-19.53542919661187
-0.17018462252492844,-0.0033744574109520514,-0.4532280493272752,-23.583149736848867
-2.7475048427252347,0.45768658605355206,-0.4997301761516306,-246.99736381731742
-0.01941960588773261,-0.3493167961181975,-0.30317978283427544,-36.4243619111657
-0.5642475986573886,2.5581992856682523,0.18455130319703697,164.41625672454472
0.46217266608194285,-1.5981243518837476,2.0243096232868525,-37.79868224771048
-0.32034730819432017,-0.48388583405432156,0.4241659464019164,-53.679122274259704
-0.19102776260016902,-2.5623336587953105,2.412615421612916,-160.9462188354222
-0.6097829043193822,1.196631486645651,-0.1340171666729177,28.949155847778464
0.08199555641356042,-0.7341737987784958,0.4572804046152411,-36.85708064968762
-0.4561208274741882,-1.2961166642498945,0.18142662011397137,-159.2117972194826
-1.4400508825942944,-1.0962750868952018,1.5945050632249722,-194.15735505144903
-0.5227230205190395,-0.18490213644298903,1.0490092258368893,-49.88662477067801
0.5488838353173644,0.547264797377967,-0.25495579355369785,96.48181017509688
0.24930859564172886,1.0237095461069814,1.0450884740847535,137.46443500209125
1.0240625258114624,1.2083662305931424,0.5925269492011831,212.2127903313735
0.9531250453760867,0.8623934723827588,0.513085420097293,177.72134962262325
-0.573700003938579,0.5228354880354996,-0.02435459226098284,-18.26379697743418
-0.49190244750620515,1.2000789564268612,-1.876552706041874,-1.5360819830765897
0.514438834058749,0.12029563171189886,0.7116148780888898,80.6480883322904
0.5532512199847837,0.17183933979353122,-1.1755946056248516,41.04893550564964
0.26859227886325693,0.0570131248970845,1.5284684264125317,71.40823352211781
0.05993263026632825,-1.2392583948534726,0.2773769379581917,-91.97543970334559
0.41953244390702776,-0.12094814860778157,-0.8874921778021001,-4.888748339030746
-0.3917581490438219,-0.36682441181468756,-0.9224101844985025,-99.88892618034072
-0.062004009366031745,1.2468917155347194,0.9514492770580866,128.2894848662141
-1.245738778711988,0.21409374413020396,0.173180925851182,-102.38628215739564
-0.3223204692113399,1.6153756894694418,1.2171585208254965,122.92393742068029
-0.39963618561460235,1.7269638512334051,0.22468472575188592,108.47292863534891
0.19584525509768155,-0.7783047254023127,-0.978372777615032,-80.8978241407757
0.7462535660272207,-1.3598561409799192,0.6454841811410754,-25.265074858332444
-0.3839712719523516,-0.9980606273144129,0.2502002062516945,-111.50260189563946
-0.6775646523356551,-1.7258067287905967,1.1941094030473725,-167.41207036086877
0.5752050161065663,0.8903831635197862,0.5006657213812097,143.65230074256806
-0.5245202662797737,-1.1290517712172292,0.48937456122791806,-137.90382385090285
-1.3224579567435701,-1.3510743662080213,0.4818660617184915,-226.78290606396172
1.0760071385985983,-0.796025856803489,0.02131164867194222,46.20919081496116
-1.251113576385303,0.326133022242118,0.924027019206901,-73.79016204278643
-1.0676204293825944,0.6228499323474987,-0.1423794850212935,-60.22882847664902
-1.008554684076208,-0.5388418561927383,-1.962625691672579,-198.4424739060488
1.42274813609994,-0.13427916218630415,0.9262154022415924,164.46782178592568
-1.8707919210258557,-1.008086310917404,-0.35151348404130867,-279.1481273582604
0.16476084123651674,-1.46752526575244,0.05088770185601806,-101.51806753809468
-1.0128311203344238,-0.5622875292409727,0.3142473325952739,-139.00357221080253
1.52100622715938,0.46667098196608103,-0.9489165208248372,163.5537360819358
1.0318445394686349,0.19655477651157463,-1.485560373036972,87.6800640252176
0.01914777741575206,0.42588720619303577,-0.6414869090443096,11.818022695903016
-1.570500603623177,0.918316606002313,-0.9896281365703375,-104.05643170758441
-1.1894118928673278,1.1254347844147694,1.6426729532559634,13.171933277861338
-1.7025836042378404,0.40825275571447184,1.0291556373256436,-110.040286611867
0.5885784044206096,-0.5805234498047227,1.6699045043514062,49.77666675457132
-0.5698329282387588,-0.4242363333980435,0.32950873557300914,-91.60804610954864
0.3891591956679287,0.3721054726068629,-0.053120653017545344,61.81304166201505
-0.9958153947902291,-0.4081008391602206,0.651136241823657,-111.7816446809986
-0.8392096673390064,-0.3649527295428853,-1.0448091940210336,-134.48542785881523
0.8925973382993092,-1.9701038177118355,-1.2111719292807812,-102.56388748270885
-0.0007085945766459172,-0.31305803052315434,-1.2504077339697175,-53.687514673885644
0.03793783544760203,-0.7632861041785816,0.6833289928110694,-43.535322451675924
2.056207129940322,-1.9663565893760018,-1.1032083657216831,13.486093128438457
-0.24125765461854246,0.40981865692851255,0.6725737012027313,31.551947122935132
0.2531652380379812,-0.6315777291653314,0.820344012612456,-3.0678378713720695
-0.4263575962055433,-0.7517910500951843,1.1484457091967548,-72.34777289297205
1.4524675344707454,-0.4532484090230134,0.32674476460232005,109.34367057817384
1.1055259329579838,1.050654396007612,1.1870303055603801,219.99202881961762
-1.0121043752601675,-0.42688106994742003,-1.6548566718657693,-181.0907725175038
-1.3260476860820383,-0.35976864578908574,-0.413465161123276,-172.54187038924417
-0.23681860674000887,-0.7728252145375718,-0.48536354782910346,-97.40274754840794
0.22391413406466143,0.5524899544171478,1.3641404299738442,106.70038078495557
-1.0675329142542729,2.062524919243145,0.02421945667275807,56.390113819027086
0.883109777147159,-1.563190808696657,-0.07783719701280203,-51.80886363537059
-0.5511857163285334,0.7783610761666377,-0.8181988834223072,-8.627768187995338
0.20726732939894396,-1.0039573720814985,0.06934433703625043,-59.58582872580812
-1.308820399119112,1.360658595838651,-3.0195121558208253,-91.50898425120052
-0.6124373746404379,0.2871241652018242,0.36150352520610163,-21.58909116284452
0.9854496856152184,1.5781180575621845,0.8691545924968965,246.8665316953906
0.6592456684324051,-0.8170886310681906,0.9375701376265584,26.165989806352602
-0.12038116395359824,1.1070806692869728,-2.172669546014036,25.280054145213743
-2.0038623644067535,-0.26451484131061076,0.6354180302092264,-200.24067691266558
-2.3629324355418384,0.9039348410861953,-1.0097307047099375,-186.03968894668014
1.8861859012105302,0.4040508568145384,0.17457781283183896,220.5644125328693
-0.987179527151184,-0.21113023882769444,-0.13125696709230472,-119.17336302573958
0.007063158628176452,0.04977368718096008,-0.6603211394734471,-19.005702156559067
-0.11622904312195817,0.2522403964266774,0.21471318317052634,15.762105344163313
-1.1376856704248166,0.6515219913395057,-0.20149153394751798,-61.42386734824311
0.11351734525124804,-0.3853135968617602,0.6621306745210467,-16.510039286434417
1.8005111815108537,0.18384954475369486,1.2389463529394373,230.07279924790438
-0.46580556911816284,1.5730197252148563,-0.15083771156669531,88.75747128752238
-1.1033666061738736,0.5079913269125437,-2.152890592952483,-115.19003539210632
0.41486550036191044,0.8539759765522237,0.4632885301181062,128.22199916125362
-1.3230897934074983,-0.6389617476895022,1.642015160136369,-145.39954484977855
-0.47383934707091613,0.4240610444640897,-0.014452270878279104,-4.148492233367463
-0.2030453860429927,0.57707212718054,0.37114587337130883,40.72044211726345
-0.6122367345077503,-0.33130838318332273,-1.085150526557798,-117.42337868516279
-0.5535882417079946,1.6777008140764407,0.5689830791852754,94.15217344116495
-0.5069431753711298,0.24496657110872277,-0.4710383056183228,-43.67547845302975
0.2811914239693758,0.7589285897867651,0.10420110395187607,97.47876180488704
0.02975613949574519,0.028318376130461172,0.9382838059759977,29.031482141609363
0.6255080168310357,-2.100026507651624,0.885231482988991,-88.5229800895431
0.42961821913258585,-1.6609609335159914,0.20768768716311115,-87.57849699022886
0.06752820468792384,-0.22577630048653566,-1.4247481862134568,-50.009492076597375
1.4313667818311835,0.33385996656853467,1.0817667276728287,199.7009327257266
-1.6694052811213718,0.751387123371789,0.543360192379935,-92.86616280533774
1.5007597906343109,-0.4281151609659125,0.8502217421134929,129.74200905518225
0.5514762752395233,0.271495310825648,0.3405892164004968,80.85947195482107
0.6124687940136023,0.756788679986982,-1.0166831285764972,92.92205117611178
-1.3698029795790778,-0.5574917850078336,-0.08828204835125482,-177.1900495065092
-0.429405541125253,0.12522450264790727,0.12229750303228377,-32.66026282821883
0.8595878869798019,-0.5495571359085801,-0.3871306497895146,31.516482647245113
0.35845361820962024,-0.5353350870162231,-0.7309562757154733,-24.611254344936086
1.8124485579969287,-0.6269670577877674,0.7077519354554754,139.9742608685113
0.6696725488300385,-1.3044695005048532,0.36659824609684827,-34.36996808817145
-0.2515388860444957,0.7833905092825955,-0.5975101946916416,29.57527283650981
-0.3492577043184288,-0.3486521344078592,-0.3216350512173826,-71.68954201693259
-0.6897277740641738,-0.01383774609423725,-0.493122822399772,-75.2033765122244
-0.12853751143893075,-0.2081168572725397,-1.881849045497639,-74.75213198281705
-0.36927713924620315,0.26125053123385605,0.14338846734225108,-6.6278244782376605
-0.6706202090766449,1.0005823180429783,1.3924653000643288,54.91846073166826
0.23878915902651351,1.0302834540318422,-0.2590421458207031,100.2064736192864
1.1172958315881276,-0.0821511783925688,0.34272534637770413,109.76933964403597
-0.2561797524953801,-0.28487549336967083,-0.24149744587077882,-59.44520856147757
-1.2032008553891445,-0.6497652268482671,-1.042044412243103,-190.27662904391923
0.8187776437548606,-1.1482632887526183,1.5379319184125528,26.79814152065708
1.5805406865683735,1.1401490385212665,-1.0150941918278686,222.56838798851868
-0.3011036955892888,-0.11564828238824053,-1.4785219903674274,-88.29861610414193
1.4769344261182744,-1.5166425494207911,-1.167779551267935,-8.248211966180278
0.5697672802322039,0.4567532191537839,0.44770856001731496,96.37179230561328
-0.1590452104000513,2.218780233448134,0.29562448874709507,170.83693305918268
-0.6163614080394775,-1.2601647651725802,-0.375196380323937,-173.46466651523332
0.6487098875896427,1.3821589910375272,-0.16711808031685435,177.9731226123943
-1.3659557112005343,0.6835693232004776,1.2119439853864005,-46.99329193453944
0.6585442726728304,0.334456789987025,2.0102045387663496,140.1461681366351
0.4919191715065057,-0.898414671348358,-1.3202332070206422,-60.367964009664604
0.6220699903060487,-1.3122191934314063,1.3289333195354096,-13.008135591047377
0.17958178193959795,0.513907849658915,0.3506300992735592,64.38752694007658
-1.5486182988637467,-0.1767741631157821,-0.4911537471421047,-182.81606933780782
-0.9175028210142636,-1.1225448062444139,1.0176614668435024,-158.92028001053308
0.15175799224874037,-0.31984752325484395,-0.835142901630023,-40.71414979204513
-2.9213504834946074,-1.072139011985607,0.4365598041576678,-368.7839135081601
0.22530792204094158,-0.17435425790283585,-0.3695269288333586,-6.050392459837182
-0.600638689918805,0.37569801834567196,-0.2916937497932768,-32.625414180682355
-1.0858251288851855,-1.0872459388628026,0.6793732829565033,-181.0437048322629
0.6329318177555108,-0.5522230442809712,0.2029230208512997,25.35173366591897
-0.9186865114860944,0.5555126463422483,-0.4173668136050844,-57.93021085533121
0.647195939702741,0.39922312260527926,-0.483186462299374,86.78882502624917
-1.6009039784765156,1.4898634386020821,-0.828497024780246,-63.258681924356154
0.11092258970986608,-0.5443827245251827,-1.1509935774223028,-70.6309364390304
-0.05489400061628639,0.22323891412915967,0.28555407485765694,23.879698618529424
0.41343490322370086,1.355637858804951,1.876795812558066,209.22381821043635
0.8294055811834892,-0.21910052880886424,-2.211135309007885,0.5138761504509279
0.8723206367206782,-0.7673475628880495,0.18334200573835174,27.202514986341733
-0.08059974929676088,-1.7762463334664518,-0.8330560570007587,-175.72078929427383
0.13653533108273744,2.013387247526623,-0.3653215513121087,170.21791955001942
1.281016361735113,-0.4473218956587512,0.0678555105274033,84.1498645677876
1.3404504460231446,0.31917451041918043,-1.8751724696457446,115.96625260796428
2.270692857804396,0.6327818661062848,0.18186625505849516,282.8949549349124
-0.6237689606958051,-1.0534155631736561,1.9140313538667861,-99.09431092558343
0.7109599682034915,-0.3748208075495975,0.44426331148603976,54.32547191488915
-0.5662977296027719,-0.9905363251306883,0.09965136508764122,-134.88473041107153
0.5087250232299338,0.2671266510114834,-1.5811907020321334,33.24674563705323
1.205994516546816,-1.6304732437151401,0.7774073527645112,-2.1697318221410136
-0.4516594761596227,-0.0739475656083926,0.19502498402812674,-49.12381662834692
1.044160877069072,-0.48943944251822213,0.6818914896263114,78.92016346821988
-0.20902325728602528,-1.2242982362893657,-0.8505204542093001,-147.94396679325436
0.7716987106483447,-0.37061433208610595,-2.8485426206300755,-34.284483570383806
1.0599363840466218,-0.3920126399191296,0.6170059495766975,86.67124461128607
1.6764373122752827,0.0184183791895517,0.32692737376416264,181.89335876687502
0.241321934916781,-0.29660745906979835,-1.151014083619507,-33.28242785598967
0.14294309476370676,-1.1939250063990554,1.732514999485092,-41.210513349167364
-0.3933388123273607,0.3686733088729012,0.028744822934817487,-10.566060744077058
-0.8972543714858315,-0.012246772846914623,0.07580455819372633,-90.86037614846956
0.4591800792284367,0.8339221545489041,-0.07016571145864703,112.17439332432839
0.7318707042882956,-0.3294477863470914,0.3350580290841175,55.19864101350962
-0.966976143129213,0.42545756178496474,-0.047711356141979855,-61.087183829359155
2.0752608726252655,0.19759960469239965,-0.6891878180895679,203.59207753585494
-0.7832532923362371,1.5499344050175394,-0.3220615162056756,36.96310056876007
-0.020901593964148132,0.6103702654334648,0.117327383308782,45.07022368486444
1.5039929885826886,-0.2549772174208553,-2.650969808393012,62.80369062477412
1.2557561255735208,-0.4787486216634773,-0.8946073022195039,55.39619866007982
-0.18565897666381712,-0.47917423784528995,-1.1063349740060282,-86.56241184900104
-1.244654703311417,-0.773789199103573,-1.7787202489042786,-241.14192747226318
-0.6226995198205938,0.28099186773503265,-0.20812225035727522,-44.773359545023325
1.4765403497258958,-1.5763921569842494,1.3800913541474515,51.22121857520541
-0.5017570435845365,-0.8084936028931876,0.9154021177020741,-95.73652211047037
-2.1533429198712444,-0.5260348426675804,1.0971527117536957,-234.6968639814853
0.4746982328799528,1.085895565831578,-0.025026958745143917,136.5757270849034
-0.07443342910004629,-0.24751863555150475,0.620672097550678,-6.286095864912294
2.4929995174327906,0.3885786045309641,-0.006070911539893324,277.518329670076
0.1704162223754877,-0.38817681854122876,0.1605739810498646,-10.591459677359088
0.9592708260852069,1.4511436077950417,2.1531824575115563,266.10405137174314
-1.0710536796490489,1.235782191822154,0.6802161054504494,20.77426473005482
-0.4465149520670211,-1.5148472246858646,0.8563987943234723,-149.1031263535943
1.1267051368275833,1.0325462043416573,-1.0909664302151982,170.82910909017738
-1.6074832345612275,1.307142754282428,0.1846338585323042,-43.85427106363469
1.9647251329163893,-1.1978778925888485,0.03526355197172861,93.03441571276458
1.246085192497629,1.0915068519224618,-2.0733902324081495,154.25771166640104
-1.3459796802467485,0.8712972974572442,0.12637957954641182,-57.44698771272194
-0.10594835430413566,-0.46531045678005334,2.6443433470170348,12.607374563209477
-0.027514905050636255,-2.8722622132816493,1.772251596669744,-186.46022360276189
-0.42098448082026296,0.39445214237829684,0.2897748568964129,-3.464130633529166
0.4738329209117875,1.8657745111447566,-1.1913034972026486,170.4449414744657
0.33417641724489744,-1.2417605754816243,-0.15525904882474875,-76.96098297060558
-0.3091164642025014,0.1920491164900316,0.1335409047822823,-12.08690289968303
-1.2946814757209058,-1.1196698946261439,1.1608267873785194,-191.76444299261036
0.5581395145185063,0.04351466864346608,-2.529560077694303,-7.847942077474187
0.9843223984765838,-0.998354040738791,-0.21398884422550896,6.234019383164708
-2.0674421000398766,-0.03269474809409311,-0.08912003951278841,-209.68294592707645
0.6897078052451944,-1.2922626951056186,-0.5029747705513431,-43.79681238866246
-0.07160125941406395,-0.19634984908497827,-0.03722223650984159,-26.5567417478702
-0.6905410523162594,-0.7837656655863965,-0.9161919154812425,-151.9283411794093
0.5522999376795232,-1.232523314768509,0.6256309336460009,-38.69275886373919
-0.23415337472333597,1.5230298564080254,-0.23413695694918055,97.83944712006311
-0.04865235157045115,0.34378788154988543,0.03279699541158651,19.75756874210042
-0.5893647569442115,-0.4930009346588328,0.8496020970210246,-76.69830611497282
-1.081548003614395,-0.6465728842425266,1.6871416350725648,-114.24405289170853
-0.21701705042437042,-1.2585049106753345,-0.3084827884558197,-134.08028447945057
-0.37144086599579146,-0.34268759408034877,-1.4075116947178212,-97.49534591929348
0.7746340534293368,0.44381942814622843,-0.926930471578083,87.29741933209652
-0.5353281859539227,0.8474216771504216,-0.09053328230416077,1.8236366554240284
-0.649373038321426,-0.181224173218103,1.321304032273012,-41.29829645103289
-0.9983854391882915,0.46877425607502377,0.30179189981946597,-43.98504454102735
0.01259240078179486,0.22409248181041677,0.09767609854883172,20.253953298573148
-0.21804589539237385,1.80930634973311,-0.8476339286190848,103.44711842998004
0.6339190223180112,2.1439440893253257,-2.025142586657607,195.2457516827676
0.6659242520544614,0.49774308909139425,0.4215866106144557,114.38426949762011
0.34758170536167105,0.01843393306539316,-0.5397596803093615,28.896719823014546
0.2237879516388985,-0.5176112990361714,-0.016422896072752075,-27.73886590641889
-1.8206033005485172,-0.5703513664136806,0.2700573583914221,-211.21269107249478
-0.5172884501003722,1.0654803750653512,1.40934744018558,66.72504275496331
0.5562300094006599,1.328194141849058,0.45588777208160763,171.65327155230003
-1.0021874557814727,0.04091917539572113,0.7408243454201259,-82.91174753478167
0.24650477843200488,-1.111457956937032,0.49822174849678513,-59.50545667849307
-1.0041407667520679,-0.9186519464841982,-0.7677975651041284,-192.47952045497863
0.4547409121411344,-0.03361256470371301,-0.5164296438875717,30.050074339045764
-0.8058700664961888,-1.6834381922209503,0.9648516330974576,-190.12837860325342
0.2658782296520485,-0.4700421477595015,-0.4367197360405955,-23.687420060770073
0.8294748419317485,-0.9399031011088647,-0.19382613877280352,-2.5336651441945413
-0.3152692446403456,0.651391251305798,0.7589692204932674,34.14963211054914
0.25373966149457344,-1.5029703283951532,0.4676931717654332,-91.73749070134315
-1.2477831819648495,-0.2525681513931603,1.6324113039316352,-97.35649866911956
-1.830632896856457,-0.6540756831274238,0.5112025995249807,-223.4791756508854
0.9504238381860503,1.8761708392158862,-0.5769036556624031,231.70210653791614
0.5863640187550933,-0.5286166817497568,1.2382830714336357,38.35944347466128
-0.6881503451777238,1.0098170893426341,2.2524358053443088,71.68924694006999
-2.151815401329305,-0.8911922254152874,-0.7191533192424201,-305.1049105785592
-1.4358621511794394,1.4412732890661155,1.1631637521549596,10.253503669786951
0.5296927543567308,0.056649924897107164,-0.07049877805909122,61.25221512030251
-1.4848979684499035,0.9495541354413237,-2.553921134901955,-141.34398511641024
0.3673655068161781,-0.22647889190152676,0.9135846262332494,43.01187646948409
-0.9273531341905741,1.1618783026081905,0.23836898273478513,14.239192695844956
0.019616657693989903,0.4384757388097273,0.6728612359668199,55.42092247155088
0.18383451632250436,0.3011073391917421,2.6930336639804966,116.90412131844808
-0.25885440036983165,1.223083067095325,0.35250496835687956,89.41341919594848
0.570612997219531,0.34005129456889044,0.9681846605328611,101.72558750981882
-0.9096834169818336,-0.031058932870901952,-0.936506374789596,-117.97945753707681
-0.742484232538384,1.341475915530881,-0.4853058353678683,27.058780241929462
0.8836599374866724,-0.17262729994081963,0.6523228784134196,87.8482236357698
1.3149144535840473,1.6122782579886454,1.639964529371393,306.53228680884274
0.4395012306202264,-1.100154232971695,0.7789365035121141,-29.205129017698752
0.9686449905328892,0.09707754934804039,-0.7020530938773524,87.04441360767797
-0.45709625658627184,1.66125921454787,-0.6022120603617805,72.64751867421651
0.08182935854756501,0.8384907744516419,-0.09888965319114267,71.18336742849506
-1.8019804375800197,-1.1701130260593595,0.541462728204788,-253.4639005130515
-1.4480843414973241,0.2320499373576363,-1.4074637743765552,-161.67016488980406
0.5010941699398452,0.9751976297824297,0.1895816165987434,131.19124380454844
0.02538842054241018,-0.04541121793223822,-1.9196731561976563,-53.81599048475051
-0.02730453950993186,-0.15852957302697002,-0.933267959073196,-39.2379223024242
-0.06717829004935526,-0.8318222082304447,-0.7157599891107518,-86.7956322668461
0.46926758980852623,0.3161559571827783,-1.5355721232071058,31.65765105722394
0.5987943895619102,-0.006521315229458062,0.6683404887180808,74.64901904999407
-0.6734906242438685,1.2477420726737338,0.27899416222380197,44.02274967742453
-1.86653661707306,-0.7168223206028049,-0.08268068584269925,-248.90998187957726
-0.977555244798551,0.5009171876243808,0.09933230542922587,-44.71867185456905
0.7479102561175338,-1.9792998103757877,-1.0727430257398065,-115.80020811534278
1.5334337012963255,-2.211861911329507,-1.423957152450145,-64.69539930587094
0.6929186230316111,-1.3386057997232488,-0.6058608207588934,-54.38975581822223
0.5345056484805503,-0.18319661872038787,0.8876554258738361,52.495004669252964
0.19729226563120644,0.4631847952675847,0.3113086734428849,77.48268781619338
1.3883377782084478,-0.5262478565174211,-0.38502181171286365,85.0408256161788
1.484116028535965,0.47240627788037737,0.35561334878566,202.141012624626
0.09612077694098337,-0.5160447282173739,-0.4622752887050425,-43.537525081609004
1.7952113559123222,-0.3206676255571917,0.23007075919140207,157.73307575924804
0.7083564472993533,-1.0212328171307132,0.24380071377119883,-2.431405095724762
-0.015309849172995557,0.18335991977915564,0.5792914996010884,31.320222211049426
-0.6353623888256293,0.6197114459661363,-1.1896666590903613,-43.966254595391504
0.681359510442948,-1.1022921498364233,0.4086073077017676,-8.355358243085998
0.5159392177040995,0.06699071722487192,-1.5625458568865427,14.405190506547832
-0.49163618563204736,0.20965941527462578,0.8071225966373103,-7.464625170442842
0.0064222698109378164,0.5462842480036996,-0.4363858905265686,34.13751309794665
-0.5289777080640152,-0.6085897232397004,-1.0565576427602528,-127.3941710559846
1.695051040430753,0.043602446372453724,-0.622649361734452,150.4956975501369
-1.1062935124116342,1.1356201471829441,-0.8245141615276735,-43.61630478509635
-0.13014305436768459,0.3241663524884421,0.09699596499271819,22.670879070605984
-2.296180953137238,-1.4438548161335418,-0.5505368494915835,-355.98961283988376
0.812525822394198,-1.1962066240806708,1.356240028570823,12.93987309638063
0.7796605322693398,-0.30803428418574125,1.3103087461196083,85.01319565663972
1.0786808334312956,-0.45888426286894,-0.03850846950070721,71.56947969019193
0.132969674146876,-1.0265152994110602,-0.7001208149391732,-91.14206629299747
-0.883857436201133,0.3853173797288368,0.1537251059455279,-53.14211718504565
-0.03143917037477642,-0.9266983088473107,-0.8484286341908146,-96.24837523605872
0.6795977489346758,-0.7153037092599682,-0.7303666317171367,-3.3650063983658294
-0.7257438131534656,0.517659020469123,0.18676676447707832,-16.03820122372604
0.5866938014752747,-0.25890497370407733,-0.47490365662252443,19.634792576066033
-0.535235211560568,1.0495527153193351,1.3173940656343257,71.67764873521187
-0.6078752606758179,-0.8372624310497003,-0.5391227031489786,-145.08612808448365
-1.7101683926566256,0.3078017688920592,-1.348185422105713,-177.6346427855875
-0.20585943088034037,-0.19646658342809717,-0.7465783465402389,-47.61349625693419
0.889630795623437,0.26705026586925884,0.08228398927542419,117.32748302107544
0.10855970577652314,-1.1437262073206618,-0.0332299906444608,-89.49009381250258
0.213979910734222,-0.6997255079925856,-0.11232804969082982,-35.77301427553523
1.7553408424432044,2.060747924881987,-0.2489641484790735,329.80888783845165
1.3993554365860021,0.5725827813561586,0.9246336829127688,208.42836446986738
0.19109906801990334,1.2784518626072987,0.04643654815614881,129.74692346147518
-0.1681438185847896,-0.620847598251116,-0.47209057769712737,-82.81956556607781
-0.5621680265783021,1.395683810789956,-0.20922187374452778,55.62901037216457
-0.6056155397368641,1.0399046873960764,1.8260097135469362,71.9401346618695
0.82206015999449,0.4127809269364983,1.8967929826539474,170.80455261065947
-0.7982972445384537,-0.1769472274940494,-1.3793192280145272,-121.73097678043774
0.34233783448962146,-0.33513778117145177,1.5541604207147741,44.925876497017875
-1.0917008761393143,0.6687416555925126,-0.387099702474401,-57.52598620699727
0.638391925608383,-0.9006207346478687,-0.3286184757489846,-19.116946795435577
-1.3118362323501596,0.010352619843380607,-1.0651136630753726,-150.1308734679442
0.12810441491078928,-1.4307751021180481,-0.6810516574748808,-123.42907298127716
0.058022734808395225,-0.04282338131157488,0.8484308822052846,21.211241295534794
-0.5302576183724408,0.5040465155178444,-0.7928728322623442,-34.21842548547481
0.54711911517521,0.02246589281204638,-1.1808128153088449,19.877022807135464
0.36139560550841393,-0.6451197546051243,1.5380365664659692,22.34212392772432
-0.7424705856980482,0.1946074552372427,-1.3200225112207058,-90.3707377696871
0.07203686128374476,0.6021183203924835,-0.21220896990115168,53.407097780605106
-1.1254890472983765,0.2799686263198203,2.4457519796168263,-18.545175833732245
0.23321613126350166,0.7082144232565571,0.9531366339132451,105.6738500756129
-0.46603650186824225,-0.14760258629866868,-1.5947030672667954,-107.84309990072603
1.2619215007139917,-1.7730324682068814,-0.9057323008626189,-39.61487483498107
-1.5537587660160643,-1.0718572330401555,0.8178896580250287,-216.3005267606381
-1.594427658794367,1.2378163119734618,-0.5993750229537729,-66.01873166242473
0.29307247329868125,0.23225369716100355,-0.7143514180263678,35.010752347724804
-1.3719011429313563,1.7117084801423434,-1.6135613978767411,-35.51583290682015
-0.877982586756561,-0.20367375017696587,-0.82688035403986,-123.08801792033282
0.09798315347089544,1.0857863249393471,0.3080505395041023,106.41904607060862
-1.5341141707356223,-1.1246420918378692,1.277676821898509,-210.16371314332721
2.006092888159123,1.5421099525678756,2.061503576636398,370.1335445522463
-1.1057046684859357,-0.4108142879545848,-0.21492103028873533,-142.6973155039284
0.30263546523903323,-1.146345393018688,-0.7542758500193579,-87.57249937616213
-0.30917212346863937,-0.4344962274323156,0.22213377163371284,-56.95171195716355
-0.4500128579958137,-1.1300693390403578,1.2571492168625729,-99.7391873835215
-0.08836295920533532,-0.10960980392583083,-0.3700110298821277,-34.578018644779064
-1.6275424378831627,-1.804882100664519,0.048084946661381994,-312.2931053943138
-0.6002168771587947,0.19905969557347003,0.06980208499001891,-29.17396003644496
-1.0016200098949155,-0.6819842479977986,-0.2811002928859549,-168.00425209126297
-1.142970297830623,0.058208718445999896,0.3577873603482833,-104.3616325548392
1.472670675750982,0.8760467925297942,-0.6039806259692295,213.3137676441699
0.40865281148067084,-1.77623523289832,-1.0293715081820716,-135.57489452828145
1.7275431701007113,2.1422703586118637,0.4363236696740321,363.47259997463334
0.3904648499288896,-0.13737178839939665,-0.10322175293249623,33.50996665186311
0.7674347291529088,1.5792128155073915,-0.4694743859349521,190.43441530226977
-0.23086637384476896,0.7215625051261435,1.4532606633210343,76.16745303428492
0.8451579711843216,-0.2788833941507565,-0.04889718347410554,61.3936142959771
-0.409282438113104,-0.6947131310890582,-0.5240883979345925,-112.49723689104748
-0.4523063192490767,-1.889540730945531,-2.4238793266289567,-265.3437185473116
-0.8184286659420014,1.5634133588321082,1.532367724678116,92.63045325638582
-0.7991920066502536,-0.6459641791245353,-0.4827435221820324,-157.16435929472317
-0.025574312191994436,-0.5089636257074988,-1.7690759048891183,-81.09146643684
-1.9937356425714554,0.8335289616089246,0.37405656984757213,-120.60363562863495
-0.22859991534001858,-0.5132135664715852,-0.9943493746085122,-86.35712393836714
1.513449743242131,-0.12174750838328353,0.6308116845547775,148.70942286783162
-1.2803043986708944,-0.5640786307367284,0.8724573282801447,-145.35611454968324
-0.026521259249060063,1.0701502383164274,-0.8818746512277178,59.03330965095952
-0.16882172319001063,-0.1044492185374715,0.07005216311318138,-22.615661050089507
0.5820265670847269,-0.6967718184295749,0.26044226333355597,10.681147104719612
-1.0025293646378088,-0.01901620790268883,-0.01851313599238993,-104.84552093859345
-0.2523535021262876,0.3230792731160291,-0.2918112689155441,-0.2328512130459499
0.26912694124510733,-0.3916485674217911,-0.3431922754974105,-18.15049336170038
-1.251539424190444,0.3520553965142968,1.4437646040732595,-49.58553674152272
0.7604146561442974,-1.5839028234857233,0.7858001586508322,-38.75018209423297
0.4283070972076486,-1.0623935281468797,-0.18714426500454878,-46.64093443401849
-1.0003313246055747,1.9389289990582848,-0.6777449705248515,40.95901843893226
0.6901439917111125,0.40171172209894146,-0.40122047188583626,92.07330774829298
-0.32267983884213575,1.5013336519554867,-0.25083301645504735,85.61464920567767
2.3146585666735087,0.08187413938632256,-1.867265192591748,184.59850649392558
-1.366878698415421,0.9343199112392737,-0.22476540189268354,-61.25504599765233
-0.810252437014381,-0.7345915767980492,0.20056919723094285,-133.8432508657973
-0.4937565831613125,0.99626681944714,-1.556581898659751,-6.325673172958404
0.8691560643892732,-1.2376624223272978,0.8872908372667421,3.484054202348881
-1.091933900395313,0.8545252270666157,0.8902475008365087,-14.998124467801754
-0.2860042218801108,-2.5302875227463297,1.100959634998571,-199.99938497603895
1.904136589573007,-0.29983819627488056,1.6259589153620633,209.27830089882798
-1.0325239035275395,0.9413105807674833,0.39792704994680894,-16.29909534821522
-0.29967664800678706,-1.4485914146335441,-0.05020461704174478,-150.10626955947032
1.3538723741654128,-1.7131345290908775,-0.11453984525261789,-13.456388632341913
0.6819529712949639,0.02100384163275905,-0.31026675659345604,59.055710693016486
1.0715431522348857,1.6999573745763805,0.19063559126502433,247.17485201787147
0.39580353343740904,-0.6255627015095294,0.4940301862827388,4.372105931826818
0.2544208433012131,1.1677820616598074,0.3376026620752022,131.984158198819
0.9321915642603847,1.7473631979155582,-0.23655528721894603,229.2286724844232
-0.13826430117118466,0.4967141530112327,0.6476885381006925,43.55747221835202
0.6962063648134184,-0.23093453020867796,1.8489560949453452,102.08915082976289
1.0213832954293984,-0.5647740041709423,2.088442772869925,103.32539881237935
1.5615111967268527,1.301741289398798,0.032004149065766624,258.3037902653918
-0.5312142946075985,0.1941076309533577,0.48387665118803974,-24.227537819259634
-0.42924442029866183,-0.2666523292344148,0.5885532697707198,-51.19191371040454
-1.0372461543264564,0.5389100436846587,-0.1903386780836082,-59.26834270692759
1.3757068133116195,-0.29756350335999193,-0.15005558703252672,98.06709355008492
-1.243863235391285,1.7495767431869393,-0.6929051977959073,-2.8370078037579525
-0.30777823495300083,2.16325472330546,0.21915032766393897,144.36999019695276
-1.4382779783173667,0.11327041053776446,0.9192289345752035,-95.47117110038843
-0.24903603955637832,1.6449677135012837,0.5765569630557664,115.49642336712935
0.24395319790850026,0.1733416643704082,-0.22320225463480511,25.549359579978848
0.8004095252276823,0.43192254467394064,0.7542913298135743,133.82115219827617
-1.4084612963635597,-0.7043436905427592,-1.5566291735239037,-237.665311598375
-0.039307287627631186,-0.2440804736742013,-0.1344967844017327,-41.84194439716105
1.9925153531681183,1.7193779062072967,-0.7666565877833479,316.17110031992337
-0.8036745679697308,2.5797093376543185,1.6391168054440675,176.89499763539078
-0.6067002947652967,-2.246889333984605,0.21128369227947272,-245.06581150058074
0.43693816974634986,0.0030460201534144695,1.1906462747863413,77.0267762538675
0.26402008133367,0.1998104337187135,1.2723535001067678,77.14782705219783
0.9873345165891019,0.4663583744463345,-0.07595102364252276,130.51248241221643
1.5111549302473475,-0.12754912037753421,-1.4511756900515589,100.67598675704804
-1.5151910621985523,-2.301921164735585,1.3668742674445247,-305.2904562182171
0.19808476076785494,-0.024125087110003277,-0.14436041192394247,18.345706423702083
-0.6013676439512137,-1.3340254949182044,0.31978193414253697,-164.02532579041048
2.439752406339273,1.0225704320096403,1.3842728185105182,360.03748746602633
1.4926885689595217,-0.8031789506803448,-0.2711236010425688,75.42618458784708
-0.8022772692216189,-0.3427145165267695,-0.16128571166600914,-111.29105626908405
0.047398671316414016,-0.6518361078021592,-0.8604133652839524,-72.61147341900022
-1.2932729578711637,0.7197579421481819,-0.9564363768180087,-92.68685327145471
0.0036956718478473255,1.9625871905307948,1.0114630354083562,188.11138718354354
0.7223813578277714,-0.43745830032341043,-0.372833152091767,23.93601141902894
1.4872461553359273,0.6820520657126199,-0.580053241370043,187.8777373082219
3.1377485336599937,-2.1356742139786955,1.0560568090660518,159.29842176803038
-0.09833962679474989,-1.6929568141953855,-0.9885911071509175,-183.1826177272026
-1.7684393655628516,0.14088624691120394,0.32316771418478146,-161.64772816055634
0.06023020994102644,-0.026513875449216878,2.463242112485286,66.15435391819152
-0.22648409884983192,0.5820977034686158,-0.9594392367234797,-1.2728589306463718
0.7083038472010638,1.188913371474643,0.3514482075415829,181.08295008814784
-0.7563507452843033,0.2034636358672231,-1.4222537095976742,-106.51683637370769
0.006799844559997769,2.0236062192296393,-0.19003903500149447,168.4112495847369
-0.1973384203073261,0.08958068125524882,-0.1512732836535117,-13.887293302547624
-1.2002964070557762,0.8657551941701215,-0.3345012358409484,-58.37347749567395
-1.9875689146008928,0.0917607765355023,-0.21967188783751193,-191.25994189937228
-0.5956612940434921,-0.6537663386488198,1.3744380931708173,-79.35845087604963
-0.5915713888358299,1.277664895788425,0.5470973811700379,67.36241537546073
-0.15178509503558332,-1.9520877995225019,0.5883172064845765,-168.3004627755667
0.9640871682883573,-0.24415663529064868,1.1894704889246406,117.94436007360736
-1.2308643164339552,0.8135172173696698,0.22745993460412942,-47.65222380506689
-1.2295495944524168,1.9583474542205939,0.4966992232365217,48.83737453114494
0.12354769595558233,-0.5923559556520536,1.9541574337502863,20.365175465721123
1.5490201514951873,0.1018562952619867,-1.2391070756539009,128.2153404273705
1.3291525301324314,0.6427227598675439,0.19652116970147013,193.68271887530494
0.06428001909546277,1.088950596967366,-1.0777447779293061,74.64053799170945
-0.38851845308888583,-0.018708756445897416,1.1241127199860135,-16.227214719124493
-0.684629825760004,1.0075136898369221,0.7906255991627686,33.63831614101378
-1.2096410186912054,1.2276689924732922,1.6725723868377034,38.13739268866091
-0.4397310582741749,-0.18687164416135904,1.4469778843537329,-14.913600838490826
-1.2767485758203094,0.27157883719537346,-1.0810565404082624,-125.50226680052576
-0.949398888831943,1.0536417966078395,2.632382064837391,61.243917585911
1.5475052013300616,-1.515744114997232,1.7958776730955217,88.5710726132634
-0.6469367777055739,0.05963036992017413,0.6982233136135899,-44.80612544601293
-0.5112156764311852,1.593186626639397,-0.9896048202585809,61.80986224743723
-0.9077561801469204,0.9022771737866472,1.5192839236417688,20.7764716869125
-0.2573765374233451,-1.0227925651984056,-1.6685840738775894,-141.56307991082375
-1.1790397911598025,0.324359281721603,1.1876793884615637,-59.708757687907664
0.5972282182533848,-0.8950698422766047,-0.9483480042242007,-31.620103499465102
-0.7519693317388191,0.21319662823768915,-0.31905393566661816,-65.32764613544278
1.6286155455712918,0.07409478041977519,-1.3801014582148914,130.76415800324193
0.7384665799954104,0.19686123586912352,0.1713682811899705,95.36785007545693
2.411676675578421,-1.1302037246739238,1.5163940552535728,181.4370812911432
0.5467335682013793,0.840620026504553,-0.23893209916969432,125.44306890746569
1.1890165311075518,-0.6373871273065177,1.4205042479898549,101.77295901146184
-0.4593608995402441,0.24822058630033608,-0.8498443694647918,-41.349227247934984
0.43295982536069616,2.4267164863455224,-1.3776175007542373,201.59035713711472
-1.389572466763596,2.2909425725907417,-1.6453987469568918,11.550895602923823
1.804348109786743,0.487872284871074,-0.19090379172729868,211.02909637902079
1.091310120594269,1.2360931752104374,0.609138120907177,223.94224563591786
-0.07964139124571515,1.4122205554154292,0.4523717962497339,121.7064345806504
0.32579631658216646,0.5796331732135757,0.19438430157733602,87.8334860532205
-0.11473644146689901,-0.7925207384327007,0.5049872789804571,-54.92701217986014
-1.616310608436588,0.7999419019420501,-1.053682419146354,-113.04761879205726
-1.3471262895296965,0.1846803058649084,-0.9716140385106515,-155.1008557318453
-0.9039076414647897,-0.11122606134870032,-0.7355299425897666,-110.21567127106786
0.6931056072631441,0.42881650033057295,0.1764415552772252,109.85444486694144
-0.1601327955666404,0.11502607914741717,0.6713400764504657,17.0130839257074
-2.0870270186020687,0.45838670355148425,-0.5846177306571996,-183.6454273463675
-0.2739930818293042,1.5628887685081978,-0.24338397937501807,85.38871767799127
-1.763040155362734,0.3436182895684614,0.324083969394795,-131.09010356692195
0.47363207681145447,-1.1308884353259157,-0.9263811299815384,-75.4827603987887
-0.09917586377938291,0.650201177958661,1.8466369960476658,91.43115549342221
-0.36961033604363397,0.6215718898560508,0.37710039390218647,22.8690854398026
1.3171150673398653,1.1398785611290454,-0.11806852699107874,232.01518858143314
0.8576596232020194,1.475356216949552,-0.1599385299634271,198.6168564992951
-1.141689114133505,1.4775300810552618,-0.19365945927971812,16.874947019633318
1.5295503194606137,-1.6924646297148194,-0.15800789857898942,11.086899848038398
1.0305805856240573,0.5107920885275947,-0.6578345538521371,128.00930623037374
-0.08973569428722672,0.7090037575885123,1.4401172154494728,88.36737345914229
1.088748619704186,-0.372206776071053,1.884586305934609,123.06862687316342
-0.9221653241776254,0.7569886166453519,0.8696059201056602,-12.713053202880133
1.262584103427182,-1.5256563145700948,-0.5518581458924467,-19.637758559711244
-0.05761879703358539,2.403415585238275,0.2010990467149675,204.24944905976122
0.21743287317972287,-0.19068240076334658,0.8700677306887542,27.300521872423566
0.47897982574639186,-0.4776574467651167,0.3336621052869483,17.786121639108078
-1.2575778589146163,-0.8108575112103382,-0.23401985910698136,-195.08208143128388
0.08658978747289992,-0.6039851867158206,-0.15567723539207948,-50.70599628182051
-1.2141886127877322,-1.006017381499702,1.1581108735000678,-169.50002957057535
1.090980425185967,0.38680852068920263,2.012270445700765,198.79430349047414
1.1260502507721681,-0.029262813684978354,-0.05139372358848624,104.75403264172229
-1.5223591862178911,-1.3526702858435344,1.1126883749899252,-233.14947789549296
-1.035242322419374,-0.10703035995455783,-0.553649305347182,-134.89000912224006
1.8009404329108156,-0.6763923020592697,-0.04015795064434341,119.23262083359381
0.33848384346169114,-0.35316629281068834,-0.29540141013902943,0.8466328562450975
1.2715550949941588,0.9356783931474612,0.7216720640432351,223.50661313631113
-0.2817846088605072,-0.42018681709585726,-1.344450511034277,-100.83020162063971
2.319329539981694,0.14171691363990474,0.39331783939437187,254.15931497542925
-0.32483138350862245,0.9817654869915943,-2.499405714873573,-20.67249520154771
1.1243533598705027,-0.062191016999311004,-0.3340772309799405,85.65447499616386
0.6380511014407572,2.2313001461926323,0.5008444749444569,251.35730420926632
-0.9913923494563072,-0.8469613483183278,-2.153390113603715,-224.57943788158096
-0.7728776678236091,0.9475264621228578,0.4070522871245351,18.27892244430271
0.7045065398247231,1.4558223221467665,0.7890566873755189,204.9407844309726
1.4104591452035038,0.08382662792936094,0.4097627959594974,161.24861811456853
-0.22979963057519381,-2.219300372747535,-0.8514064342603136,-231.95384523543729
0.6141667000434252,-0.22096959953322298,0.7575077100473051,58.110847797280115
-0.5495402745955349,0.9153902755601617,-0.11676591579524663,21.627046397785158
0.7533416211045325,-1.7607627591558177,0.38115838488277776,-59.51184359985147
0.15041890514357642,0.49568188797260465,0.3649610024662254,69.65493684649653
-0.5449190868089497,-0.09671311187039239,0.39913611435207086,-51.2632346781047
-0.5081401976473109,-1.2207124259141586,-0.14778031881747153,-149.07442812209055
-0.8082982853551515,2.1898029332176723,-0.8397218421807761,78.39868505428579
-0.9815086510479509,0.010233061019587049,0.46210347426327075,-86.06699588505337
2.0574954697116987,0.6191542610051978,0.020793707675407894,260.44160169054294
0.5142547560178349,-1.5311075025557221,0.5720574417141441,-55.25913779593784
3.109918556005361,1.9956674897839644,0.6067230591361827,486.27091475968064
0.5597904479310398,0.6105857452838231,1.0807807255546218,134.33908467388653
-1.237815498826849,1.586016816145352,2.1330333746562666,66.85947657869463
0.14125714008746323,0.38298898474092846,-2.1305664798072006,-0.8836569920497404
0.6855077387902041,0.7579218499236196,1.8486088332964115,177.0617484912411
-0.6078219870944325,-2.1218548990085946,1.2969945465611092,-201.81971793599973
-0.08152267310164589,-0.5041798310076715,0.34767648353833636,-40.801828838586104
-1.6431888111541673,-0.10325476014904739,-0.17585440443207118,-188.25036025593215
0.44194064956940904,0.16865467196672768,-1.090399077442846,26.59246082330956
0.9113627221747217,1.987275999230808,0.10575379127148042,267.5992721886865
0.3088330125989638,0.02127157673606165,1.702214944635238,76.91695149802523
-0.05554769889661878,-1.7033824393551547,0.3840654489393073,-128.90198519654703
0.6153674840130534,0.738810480887503,-0.9354387020445953,101.40534378295074
-0.05023810944913695,0.2704568257798388,-0.23894804686640975,19.48781321544211
0.5839281853259639,1.8467073257360336,-0.35929209078705954,196.20548782398643
1.490726136849952,-0.213442870930208,0.14866745720211155,125.39998381759423
0.28257995048829965,-0.1671217137864115,-0.24869112618354708,18.171292399877274
0.5131057981760827,-0.43548637056984335,-0.2595466775839172,8.321726161061637
-0.0771017094141042,-0.8158102849654383,0.3411519748166439,-66.96239584986564
-1.6076610271180587,2.0895387216947734,0.18474057889572446,26.481205496958964
-1.496529255090079,-0.92951086019241,-0.6500239344068982,-242.51484034036747
0.7818228717773104,0.25988279424842353,-1.236950710878082,64.97291966118146
-0.5297602037670388,0.32875110965968446,0.5132674331133561,-23.04288712285854
1.0324652605511468,2.1221561970126332,-1.5193699659540134,236.60514306311734
0.045571839903813784,0.21645858958197486,-0.6516003476058171,2.47653168861742
-0.4830610516834395,0.8950383140761154,0.14679301198554937,30.574621488237526
0.7708651938869668,0.23561455810856594,-1.4785862457798415,54.8324090328235
-0.7539645888666763,-0.06259312789952241,-0.28067507686677406,-85.29556515311359
0.8949243769444413,-0.7184072655691974,-0.2949496782920278,17.762333835541604
-2.123895724309807,-0.5993926454440222,-0.525755021680761,-274.2263058550213
1.5307508323436974,0.5999287299962045,1.2187618516973167,234.19433701190525
0.07682189106025536,0.47704082722312147,-1.2829922241885696,7.405432457824646
-0.42076179368105326,0.8868873900973003,-2.6042138566271342,-42.56303928776833
0.17989415115347845,-1.103589317215771,1.3920022863445993,-31.916741589500226
0.3918040054025465,-0.5462444482524828,-1.4789115687741288,-37.58769518792664
1.159329803364248,-0.3609661658190799,-1.0810633275998973,61.76649705975694
1.1087035805829077,0.5906548306923093,0.820482181197364,178.55570353467448
-0.6172531865469232,0.8389405004696122,-0.5583017539460305,-13.626799636759388
-0.8206823183517105,1.158595579007404,0.9633761292443218,31.34856658561908
-0.6526239793023909,0.8406435489887241,-0.4461834332147797,5.824263785347954
-0.47949296739924335,-0.4430440211284823,0.2965755451407618,-68.00766429114758
1.8540925663341883,-1.024186824329205,1.221033695525353,132.72842791936873
0.9503075919735757,-1.067802921579193,1.7106133725819253,48.269728808441826
-0.21344715171184725,-0.718444221252436,0.3109075655980046,-64.26200652610865
0.7081086766885905,-0.1524698363805439,0.9567023167945841,76.65722109849105
-1.4123037013352915,-0.9080240755212109,1.465648768921554,-182.7972266676532
-0.23040071420576733,-0.7584953347000695,-0.9242331442683044,-107.1639993407092
-1.5178737466808094,-0.07159925185806683,-0.3570292008066094,-168.37544728161416
0.9312801191161986,1.030999522495951,-0.8392175232226385,148.82739450718154
1.185704154662997,0.5366527525272862,0.7189533106650667,177.53555632614476
-0.07576428653545988,1.0391117874202687,0.6704806172412126,96.8418396198486
-0.2234627853258509,0.4824724152431853,0.714000494092092,42.49638842350051
0.10939479460489289,0.1292211819752275,0.725766623898692,41.23418057911197
1.6850142787085094,1.230874513154735,0.5628808601743548,285.04940928026554
0.4735924306351816,-1.0623037137261049,-0.9194242342338032,-62.93548263976769
0.8970661968871322,-2.205566057099069,1.2748750412787222,-59.468614368207355
-0.6629009175509482,-0.7019916878067554,-1.4026052717996935,-160.20565558861824
0.6408428612670098,1.7976865268495226,-0.5711789897827968,205.23749884719214
-0.07444591576616721,0.25755039072276437,-1.9187712152990415,-41.7970725015442
0.7175422557959623,-0.26940683444455776,1.502357052096028,84.37842070920041
-0.8612842013282637,0.0773683076476183,1.5231240772696573,-35.78533395126913
-1.015821818978397,1.1486373494287152,0.06167984984797165,-4.236639560554396
-0.2346205699574138,0.8584511166566653,0.03823799496002834,55.252334814043365
0.054934110999848726,-1.2457173764463845,-0.7095798547491726,-116.40506982661424
-1.0040545968420103,0.34980002456790754,-0.09546424708907303,-77.7744652996855
-1.2608839543350452,0.40498171096095553,0.9178619470547761,-65.65459402682268
-1.6394841625254342,-0.22954865536034708,-0.39247110606087293,-183.97660920196654
-1.0147567306928669,-0.5816809139486437,-0.6492775450660071,-161.49465996347573
-1.5506634310661327,-0.5034756541161992,0.06856297480602733,-195.4921695480194
-0.7567950885694608,0.9960476858058164,-1.4218106667418438,-30.79457412105955
1.8811570694405901,-0.5551995266931984,-1.448013900416244,110.62756961443412
-0.18039168176240783,-0.3574454228104272,1.3728484746765302,-13.269018842440342
-1.5708761520684993,0.4477169258102776,-1.1267674689098053,-143.28817992245843
0.9553052085705107,0.6963874474567153,0.08840688629184736,146.2523919415516
-0.8222203955664315,-0.5637245528039747,0.2436872114919123,-114.39086195922602
-1.0399059271255309,1.1081828167375165,0.6127739050625697,-0.2773205532422418
-0.3357846992901282,-1.295078772063616,1.669021525289393,-97.70099949113747
0.6863184569567008,-0.4070363129267805,0.10589445311523424,37.675199838974365
-0.06863404608546861,-1.9122549754197768,-1.3683150388328105,-200.09259935507018
0.4599721429391164,-0.7534178703461835,-0.6777153697521061,-34.72156588124207
-0.5765104007267194,0.7591551603026468,-2.59104229214491,-52.15379631360137
3.193107567844861,-0.18047991359062565,0.29875290836568624,301.1432962895406
-1.326472128311083,0.39069592092814415,1.0473177066214483,-75.54482318420379
-0.5441140021141926,0.6031874310823431,-0.1627929060722942,-7.422666634198077
-0.661786464768388,0.18645431476942764,0.852433334796224,-25.93546115575635
0.538296079049633,0.5078357562896237,1.0725073373098022,118.7006909609316
0.597400069849858,-1.2276078151369925,0.7011727423108983,-26.254878905148317
-0.5827586576115821,0.26536234939962844,-2.438817158276429,-103.22188064022271
1.9764405845154855,0.5844129804724842,-1.5642416117110514,200.18370206484562
0.7505791675217656,-1.5171736966716791,-0.41619440488525394,-59.147303507596234
0.9983108981479604,1.5213160519224513,-0.4316203127180484,212.13671523106822
-1.3985675738191412,1.9094166404701305,0.5629692366905709,32.54343027529497
0.3464884758979927,0.9163276747024814,0.9980101098596522,124.69352861256758
1.1033018820165215,-0.037634702424848364,0.11422764866203965,107.47392210998817
-0.838585798447231,-0.3078084711388841,-0.8866809222834573,-132.5535185072014
1.0143700650181304,1.6654744444625766,-1.8408742313316453,189.42262340297108
-0.643518230380143,2.165002344901084,0.9278401280812372,138.1037372674057
0.020886488295961788,1.6614701657280182,0.23070090571868349,148.78892888734654
0.10435593752321293,1.617212574968624,-0.8987840483231282,118.73330011624853
-0.510016398854747,1.0375399442578992,-0.26987493529337125,26.37481812803633
0.8271832490360238,0.27669079933001905,0.01300189187790702,99.00400754697803
-0.29027454418865134,0.9190764829877686,0.26739231407190295,52.46976090169818
1.179440120721287,1.8314587658543537,-0.4691756521047048,253.92701581807583
-0.5138669173366935,-0.9398797863273552,-1.0592135218889516,-151.72348735171556
0.2873289044030093,-0.28744751940035557,-0.04551224530124217,6.695167575733341
0.6686548047579066,-0.1755639454992155,0.09806753953894455,55.605295550252194
-0.024195606390916165,0.40373009033660945,-0.9037018607301281,7.2000215323367325
1.2374381346841392,-0.0635245746153551,-0.45730165508679,101.74580147287958
0.04852162794482699,-0.863990769679816,-0.8309501164110378,-94.2712402846212
-0.47622087354465903,-0.8192578597214978,0.8743891807127275,-90.15212111965437
-1.405567019178642,-0.370508098590029,0.015618333949603047,-161.54653878831172
0.849102110743144,0.6955377575657775,-0.29396694766418224,127.50896096239637
-1.382799730964336,-0.8756182533847572,0.9261775475316414,-184.50764542300823
-0.5327008396619114,0.5136001065697166,-1.169916835710288,-43.71064621460917
-0.9378250399151228,-1.377669367957091,0.5150352672086598,-190.89725496103785
-1.234348871879922,1.6155828235482317,-0.5924642591528942,-8.62415877497062
-1.1119670257741636,2.620793091029975,1.4641772387524374,141.58614714496747
0.4794415180860639,-0.061764199860128925,0.8745170741325226,64.22551828623034
-0.8224199323822006,0.152354872033722,1.1210306673244714,-34.056753033659746
1.477894044741516,0.3571125715117464,-0.5182702182736474,163.4494198214194
0.22388402427913137,0.4810092317367132,-0.7904744554453119,45.516568165525484
-0.6680904536430488,0.3216978061960136,0.9920423495365228,-9.574822043979324
-1.331232953557778,-0.7859894605079495,-1.8362053731032966,-249.29215799248746
1.673452090298537,-0.2716551103260533,1.340461051790348,178.26338676829454
-0.3164084496948019,-1.092312764672579,1.2130976999791834,-92.00187460108961
-1.503080301759818,0.6504500925361392,1.0519476177229186,-67.31790011477963
0.4209729443893898,0.6988284202025348,0.49201884799279927,108.10267331835935
1.598647170504717,-0.25879606266710237,0.5609194479412387,147.1783281041468
-0.07282891265687277,0.47323762457354485,-0.846793718068405,8.766250841205391
-0.4888494217862741,1.543243528272189,-1.1196174332890112,52.17495049680227
0.655900776529761,-2.9403886346642802,0.19473619471877485,-170.4636366991119
0.02390304328495547,0.14488783309689118,-0.35141423571373254,2.382744919650876
0.1904996797790664,0.33198033056901455,0.7094518171390395,64.14918341956174
-1.1165244399486591,-1.7073579575929467,1.2358116200069387,-222.80804163135232
-0.8082657216409264,0.08531814256502405,-0.8304444065565653,-95.13939045800204
-0.7050118557584089,0.4190190093660452,-0.05576907765770601,-33.82531806673606
-0.09858813228426173,1.41093237974627,0.018849622944847662,104.48237602780208
-1.5031429531181062,-0.2595913513636048,-0.24574306408594432,-177.74475989930644
0.6748194921666038,-0.04946370965243295,-1.1227220215622986,31.28164917516749
-0.46341769281246226,0.5425600435859647,-0.46572975357025687,-13.982614106022744
-0.9824873935383096,0.9407711879882159,-0.2246331499970246,-18.488921688813456
0.7368438970924334,0.8840453963610497,-0.2813275571182134,135.7174376540144
1.7388996637975789,1.4223698616985077,0.9788580507817954,313.0457648734986
-0.18452535765584954,-0.6243453897132241,-0.6047446645382127,-90.27690091886112
0.7600559636896026,-1.5047203740310022,0.08243975293450329,-49.89521169199399
0.8260471714415063,-0.1314725956716678,-0.43676423723821745,56.57958090737587
0.440474737960399,-1.5929937335316693,-0.019637798926681216,-88.63256777903491
0.47635776935621926,-0.9735461997044687,0.5054701591666269,-21.56662274971294
-1.2565068942792563,1.4436320034688142,0.8132051867479773,12.899073050996325
0.3287624103034804,-0.06413834659299254,0.32135721545027307,36.29207177855145
-0.009300321138614417,0.00020706491819709385,-0.32789471651291785,-7.717807471673561
-1.703871586826719,-0.36650702036805183,-0.9244659881295544,-218.30834919994132
0.19408999289830758,-0.44643361455052827,1.073631749859772,6.456332970043398
-0.5601810401969696,-0.8289950109220723,0.7472936051232618,-97.02563131641963
-0.4442932600761116,-0.9787637157823074,0.3773004930448522,-123.1670786472198
0.8135096360006385,0.8254163489880298,1.305478807154329,181.8609474191248
0.6347214685617699,0.4891871301476635,1.1096998419562232,130.98730896911724
1.135565640180599,0.570890510693167,0.9540017634932023,183.27547987476618
1.0299608175811612,-0.643549832317462,-0.33477533210654087,45.94378774224862
-1.129706854657618,0.8356921120651418,0.5298041779152828,-31.281023649996378
0.32405702822156063,-0.19050310599781134,-1.1476913898156673,-11.793086694438186
-1.3671378064602457,0.46320629209912306,0.8481742126666681,-75.71965898200189
-1.6127158711896517,0.6862601903745135,-0.47193186578943347,-107.83720773910395
0.12320480678448567,-0.1758858124323366,0.5514853760404675,21.351741208740805
-0.13263374638257355,1.8998819348952156,-0.9745293046706415,127.80271318456978
2.0883747047807275,-2.8962553781936893,-0.13958962815517376,-38.77711763895431
0.05194588580729943,0.7276295436369798,0.7326400772155792,77.45423096799337
-1.19363683175648,1.775310892609512,0.9191541736100015,43.353985802864344
0.09284490114111471,-0.5487249077409615,0.15985639199740037,-27.68440927713213
-2.120700152635066,-2.238231233324972,-0.6068651778571754,-413.63752096374725
0.3996879517526416,-1.2968319479558466,-0.651356893791829,-79.6738571337745
-0.8560838259088672,0.8303358165442456,0.07156623721939247,-9.096339750003153
-0.6929095952606542,0.35701548596504734,0.8995998754332507,-8.023868174952746
0.4400144500533324,-2.198805956620082,-0.5020542243526112,-146.2691861755908
-0.6231405264247644,-0.5309969550018176,-0.5554771191602547,-122.97831749849753
0.0005279588565972928,-0.4501892648514116,0.6012067489291149,-19.621760274316575
-1.097302527632844,0.2167755637626291,-0.5888668267386961,-100.42992496973108
0.7942646796218271,-0.5290526773462948,-1.2542894231692494,-3.1144412922165845
-0.7472116791478234,-0.021367294348436157,-2.4242402602729416,-137.39457831804395
0.8333339117803071,-0.5482687949250771,-1.10486279306252,0.15699096252255096
1.1727290192593647,-0.025554070991445278,0.5436001545944323,133.48782847532289
-0.0349884904969617,-0.7031764251258874,1.77080063563551,-16.228244130241805
0.3465038817307158,-0.46770120131189136,-0.04692057887918407,-16.711233671105152
-1.803139676255945,-1.5137143926128271,-1.5841359430054898,-338.6498036183983
1.2065089665083568,0.14671368643332283,-0.8169356709872361,109.92280937595952
-0.12982069973342616,-0.1852876588777083,0.0438114719791096,-27.030634461853552
-0.7627247785662142,-1.6075598643689741,-0.7691423497872982,-222.52454528208744
0.8951932200277323,0.3934853854217496,0.6351718016819695,131.36109812369062
-0.20298063739565708,-1.3192471945987674,-0.8000385643976464,-148.0372064939287
1.083051243175277,0.5607845263682344,1.053802052034903,178.34194397382694
1.0729780477660118,-0.20931381957936157,2.3638724946193608,149.3069940632263
-0.4080753730215514,1.2012139221639448,-2.038124535177854,7.69602850601251
-1.183258512665775,-1.7587394864231143,-2.0392321777601006,-309.4290656147002
0.3696421921980939,1.1731246375866413,-0.10730214400422888,136.07020920784933
1.7495839042054206,-1.6065771007386793,1.3814540786904865,71.9288006585797
-0.48791140814570266,0.6779258713392691,2.1573082132655035,60.94824021604403
0.6731813512699584,1.2897527540827456,-0.13845598398377382,166.54496419403637
0.05921843401448826,2.5733598032498604,0.013929291912946203,224.99386957668963
-1.0196643386921156,0.5646059258936003,-0.02355215087423812,-52.23533857454593
1.6964563682900382,-2.081929407883722,0.2110174672026184,0.297631739594699
-1.4183657329330317,0.9325908318730899,-1.7608088119807759,-106.3368045099816
-0.5468589412403921,-0.5736620068802363,-0.03275327021599839,-110.20800340194312
0.5161782871149584,0.7250957868479971,-0.6414815952229522,88.24693191712021
0.0760053914124115,0.5583269125217224,0.5387559924463692,68.11184382871633
0.08704706823817122,0.8219025043752238,-0.29900735046586746,61.58306208983179
0.28869362927985703,-0.2500465145989528,0.2603218387712207,15.620137523618174
1.8522781845089378,-0.6017066122293969,-0.013497224737933921,123.24165791197802
1.8381836767951225,0.36728731340134063,-0.22346598237185214,211.33169300509132
0.7153813154412441,1.114321694668872,0.7181857257079345,178.73094231059392
2.0997217891665154,-0.06613261462582246,-0.24702570074599667,194.7979701514445
0.07748051851886253,-0.9519184600222356,0.2577525401427507,-64.2579858614523
0.6860514599984393,-0.9649234605801045,1.0584244868495878,14.751055500660721
0.2806364044901364,0.996858773465808,1.7586204841951334,158.89096500767297
-1.7397137787780996,1.1487657003721035,-0.36244094140313216,-79.34053342229414
0.03408346825922607,-1.2239402667622565,-0.7699732310586418,-120.91818655663464
1.1428228145150205,-1.168678037619532,0.7519330326867741,36.51197709612767
1.6744924333475373,0.4577728661518858,-0.005596018829046555,199.4050340094702
-0.8682927318763665,0.38961417737090387,0.5346290861224353,-31.25087929790523
0.6663125009092119,-1.148794035158656,0.4625912928539512,-11.041744230564806
0.38193545223155334,2.076747983560841,0.43004164719106963,220.4558206147246
0.645215585950057,0.5211224283793383,0.5556044660034485,117.73019703326675
-0.06607979864731657,-1.6615200622689599,-1.2110161997624567,-175.60922004694842
0.07863519031609059,-0.08071658010858232,-1.9982006845321076,-50.652017458137834
1.2038844371688162,0.6157711497711416,-0.13944627568099954,162.2394127188481
-0.48712538376469605,-0.6506425691218269,-0.5923939242388692,-120.59733614392854
0.49968511030293383,0.23940450053537707,0.4720022709192744,75.02680209183254
-0.22096417382966393,0.8773622905756714,0.02688583899453078,62.190025562739265
-0.20932367715186612,1.4711703274936085,-0.6690727386599166,76.40674561423879
1.2269332238843076,0.7660802783846903,-0.10015407647995278,186.80356715173193
-0.9683444548636353,0.5500520990245519,0.1053755061459599,-46.8523251226798
-0.8627757640431206,-0.47883745600840416,0.6934789119139937,-101.45646128540666
0.39379729821625153,0.3687331473175197,-1.92767257934561,24.941108985653777
-1.1583646891925428,-0.0036025390905684044,1.5033983017671506,-69.28658229597623
0.8711247034316923,2.075400798645439,-0.32602353216784113,253.04826553226906
-0.5756378262377739,0.7003098794089914,0.12200981464536144,-0.10149138267403712
0.9551423205012383,-0.06267909727317188,-0.9857260463355437,66.39475359234135
-0.4606387709597875,-0.7198442083947086,1.0571222262189157,-78.43607580878364
0.6543656563540577,1.496044311489183,-0.05558467091045507,181.48260132753964
-1.0589075870566005,-0.5057467042619367,1.4816634024625988,-109.86025740753186
0.1664522082130561,0.3824097461840506,0.4924512640081491,61.8522558294417
-0.5426737997340217,-1.801057734152739,-0.7877837519082389,-225.45837915084266
-0.8043157596599924,0.6295295842218108,0.8953554307625996,-9.995304755650395
2.601683114180395,0.24075317948856828,0.5655096456315442,291.8848884891957
-0.8432465953161917,-0.24606248812994858,2.1709427174978138,-54.4918940706181
-1.4063174636718339,-0.692420979873856,-0.08310557262869477,-196.69945315530614
-0.7924199209999613,-0.14451867071551783,-0.3079615296390403,-96.06574196552778
-0.8182206832334725,0.5951570254369136,2.0923872756854602,28.02229193137184
0.0754336389015928,0.7421274910718922,-1.6019658118971685,17.40794780112774
-0.09605989972464987,2.5600845382687947,1.1492733262856758,233.14147057524224
-0.6115178029919482,-0.7553829323533225,-1.4066610968482223,-148.76430173280554
0.6222071440434019,0.30047435961082836,-1.1388331177807691,63.261028035220995
1.2657078408647007,-1.0276751409259581,-0.8661748482145009,21.787999553619393
-0.44004448669698376,-1.4301413779606327,0.13074057728609134,-158.04477020500326
-1.5702247198904564,0.6218099622171964,-0.7271371758248686,-127.40207592956897
1.0352493347237526,0.8901984111247868,-1.8461878622380938,129.19274611387394
0.1979107834626478,1.7359638031652493,-0.6514180036144483,146.40614683501337
-1.9596701238797756,0.2088635950047554,-1.3281860488984305,-207.98752773171745
-2.4716445001272893,1.4415686206579004,-0.7968952554704768,-152.9096137506479
-0.3791277409874871,1.628396623128538,-0.20358036010236177,95.24047518290517
-2.9911359709007233,0.08520944963390106,-0.18689615816198485,-284.7849065262203
-1.913280244657798,0.24196227156603412,-1.7249178325130328,-212.51712979061747
0.9751197334177512,-0.6771617115121117,-0.14705738150213865,31.506091722898866
-1.7858664919341112,0.5731278132412001,-0.3596296724524624,-143.13525547303828
-2.0841129394985884,3.9262377064363267,1.7246966497611085,163.85846976800627
0.7426824183597224,0.07595526791608741,0.4822489526806572,90.68595576567799
-0.955122579349353,-0.4036484632419967,0.42359906559346105,-119.11190935494245
1.1173988159024608,0.501782736167545,1.4484992298929262,186.13750351834506
1.1792971840638264,0.11567463429285867,0.06751848141010895,128.92057288290076
-0.2797601684958344,-0.2789629303318085,0.7903718960517113,-23.846524345694906
1.2816437950037687,-0.31771509675623405,0.5576910607251245,119.76653381555774
1.5655240292343404,0.37721187506452086,-0.0657502610729878,184.78944187426941
-1.3516846056163336,-0.9232332461109043,-0.9758732529773327,-237.74208505101444
0.23421473253652075,-0.03468488738678118,1.5505004928140769,68.1345217309048
-0.36283856043965906,2.2988981236192503,-0.4455025214007718,131.11402317277972
1.0964692338108837,1.2235688824186275,-0.6256772874962124,197.51191716441787
-0.6475418056351592,-0.3583401520212222,0.7441919714999368,-74.8460346354013
0.055724912288694604,-0.12578692009964815,1.0941915184709485,25.07233783865552
0.5868570938002703,-1.4018510627922809,2.1904556258099785,2.321325982987439
2.9490944253087252,-0.8254105299789551,1.2446795807367868,253.1493841186088
-0.060660813814620775,1.9011906857530074,-0.7084067669104628,140.8129366062433
-0.22939074406802776,1.1695899924277735,-0.04347694981386243,64.75411540707572
-1.356581804623405,0.2935579321666293,0.46642998243352635,-108.33255618461051
-0.9555404406004258,-0.12791759148076653,-1.6064463202575725,-142.80601827518092
-0.007972641316617372,0.8816397569494505,1.4799441388900259,103.89871829540856
-0.26888869055483056,1.1265650295477574,-1.1065259087416703,45.49836093324937
-0.48760622407249354,-0.4118769661224674,-0.4325581878196209,-88.0486653711303
0.3384964074944141,1.143754043206929,-0.4152879139008013,115.12175125531888
-0.7484865365565536,0.33231401197959165,1.551151975522523,-14.80103443457376
-0.9043166251044086,0.25972250172148187,0.6385924587773739,-48.48173257329597
0.028181157369128247,-0.8984679817910373,-0.009118996644203544,-78.27327433336477
-0.3519213178165091,-0.48720292119492714,-0.7699960661974573,-98.91843474770259
-1.5231869047837747,1.1950466289248425,-0.5589218472715883,-71.07060199815284
0.8250982646676347,0.15519068385897913,-0.8671302157109003,69.67251983790088
1.8732977762175456,-0.668144085538994,1.0800480657146485,150.8024222704526
-1.5648027713620551,0.3496500472996937,0.0953441994413082,-123.5213809198363
-2.703232292999237,1.0010460925671412,0.6778753195309076,-170.26901146079334
-3.2412673400690726,-0.05952535606180008,-1.0243876413342898,-344.45129156380597
0.4183982208886837,0.5225141052657575,1.4015985929464294,127.84910844273244
1.3043402428781525,-1.7485319732381808,-1.6624919880356743,-61.541471068025324
0.04886007032570433,0.5432980290363879,0.04059169120388238,48.140275500574916
-0.6757080791616118,-0.4872285641135523,0.0341524174880246,-107.7339171590118
-1.0896330373423884,-0.6520888885930607,-0.7847619081277034,-177.96133995056056
-0.7557451594928447,-0.17495975669540864,0.5365098435704035,-76.19270613128927
0.8297324178791745,-1.2995812369275976,0.8113965544915921,4.126750209128445
-0.30920907704986345,-1.4575514994649306,-0.7521564055905832,-177.0951517068997
-1.1105758454658288,-0.7778166875908753,1.7522704434236227,-132.60055461773626
0.7129984301723881,-1.2221278088919454,-0.24032539815813503,-40.213974669789586
0.19358991136754436,0.26256132900192497,0.8508979621679722,63.08866421213377
-0.8275902206487197,-0.3670278390833223,0.08614388304637476,-113.35418770181859
0.632407739055521,-0.5624667758942676,0.9725544496267299,40.00669507538373
0.07331796718840389,0.8231705839619146,-1.2899608997410539,44.04274407221734
-0.38770155993598415,-0.6127886904843862,0.28586539072490497,-80.38574705323126
-0.5574230531083212,0.5950294658355647,-0.41299782214343406,-16.534357287610153
-0.9730689408815555,0.11958036841415326,1.1965715016644913,-62.56775836169332
-0.535963445114048,1.0859821161750323,0.8080577982811451,58.10507400330341
-1.44964521969853,-0.08343796979036086,-0.9218598131253132,-177.3753861398453
-0.27681329988892067,-0.221253623585772,0.30740669780910074,-34.62411167541373
0.1200313267182613,0.03800347816820029,0.6135179727304166,28.25287137014135
0.6791427754381955,-0.2634482160822491,-0.3020454994898642,41.320604315918814
0.5931012579683838,0.6159356069442637,-0.3095464393139903,102.35378670375606
-0.05240445057746945,-1.405189846803575,1.7041055162554912,-79.5553550517429
1.2289805024890619,0.5348173363459102,-0.6373077470287948,148.60196598823012
0.8823330623234091,0.6045153263553668,-0.45209033283308037,116.17677176143962
-0.5482872964906009,-0.15589817793666752,0.1600182258527877,-67.13945923019452
0.606850593215671,0.4200944904518413,2.0565435648295414,148.97312422150412
1.5646436558140062,-0.03582603910995154,-2.6197451040897444,80.15500938433009
-0.9637589262106109,0.26028050658288615,-0.9571509148950429,-96.89321266437139
0.014273067836434106,0.7307641190665245,-0.9539394193966448,39.86130389189326
0.48473281729447476,0.8527736751222195,-0.8463566549908735,97.21281932685608
1.7388513518533313,-0.6355578414044034,-0.3212427661179117,104.71297450915466
1.0062928092144405,-0.38455554422982535,-0.5768918695231487,55.56046755082162
0.6241198170521551,0.7916626939629359,0.6283455092642799,136.75994670290248
-0.13744851462769186,1.3736585451629577,0.9528745472029388,119.94526131598731
2.4553001399108942,0.2891686439078181,-0.637739984251316,242.12287428955688
1.066674689589154,0.5072740311072977,1.1692955904456728,178.18409634274857
0.2942241290134937,0.26348721533105957,-0.234407800316322,44.50636977286112
-0.5503051538454201,0.2606737658239071,-0.6716233679380516,-45.17183161453177
-1.7785875840065168,1.192507512477975,0.31965182591897723,-64.96291975244681
-1.3810446031537749,-0.7859860326349823,0.30381859560487573,-192.96835196207115
0.18970616761039566,-1.3631740045928105,-0.6619821777966091,-101.00310242428576
-0.6769220003059587,-0.38508228041631654,0.6116762888408679,-84.81765393690002
-0.14408755572161547,-0.9393353938187543,-1.2096947428411076,-116.28565521256687
0.17682087213939798,-0.7217375533372533,-0.5466800845872654,-56.91031081359237
0.30154734233361247,-0.19236096478112252,-0.03471176970524331,13.811364980198874
-0.1730718242838696,0.12557645347154225,0.015579047581467534,1.115112146115174
-0.7537361643574896,-0.2453881160028705,-0.8895144296255233,-119.65010975645309
0.003375506597160999,-2.6357477390168778,0.32782117284308526,-211.8806792271903
0.5150476863060479,0.5137859509122088,3.852731490654721,197.85911222083365
-0.6248185776956788,-1.2795769667357015,0.026091050210833786,-165.1559878238172
-0.20447122098612153,0.38632331781156,1.75547569831549,54.33162032152996
-0.3540407109410238,0.591814133741378,-0.573601772896901,-2.583699746840327
0.3227185603380895,-0.2886586389201383,-0.827230943552323,-14.49660815339056
-0.03955515385665504,1.0531528533329035,0.6815006973726244,105.83542646494567
0.2011596558728393,-0.4646172972983931,0.28328787154614216,-5.9288744697301095
-1.1306153349375263,-0.7582820688875902,0.6227112239002686,-150.65904944486346
-0.12270893359572414,-0.9600462952794637,0.09337237427665124,-87.79657925053829
0.17086543812794186,0.743264094022715,-0.18398333635267913,71.51880201654264
0.3464482094969757,0.25049285034587654,-0.6800247215784908,25.999623906684388
1.1337700968670645,-0.194908280352681,0.5935567222808619,112.62634719603852
0.594754341665286,0.5639091200523596,0.8534155587803077,123.4230324844501
1.613711269058647,0.42192075423528475,0.45353430151397983,207.59497621986534
-0.6134026635409398,-0.33708597111803934,-0.30246968648812833,-87.05141999680637
-1.1430049127304835,0.6387302220291846,1.633431532301096,-7.747185285895421
0.9218015019772522,-0.3135296861723979,0.4826878872092127,84.13035395357534
-0.8892408282283243,-0.4555395260238707,0.9553005582377528,-103.47740645567715
1.2669111491866227,-0.48423407286625136,-0.7076694656187807,72.86098173006285
-0.9993022322949108,-0.022868062298882122,-0.5047749212282174,-116.32753410026642
-0.9020515543575104,0.3764095260975166,-0.8696630812746944,-81.59199606677005
0.25602973431387566,0.472597482413043,0.9826909839455139,85.04204028222517
2.5269324258736217,1.188393273448084,-0.5308687729203206,329.0786937016316
0.169360824036078,-0.9206735930793662,-1.4137144969049802,-93.06820329315318
0.9638791167949097,-0.14700200162848862,2.2105230015913513,136.01282614197004
0.15039378647620763,-0.759132661553698,0.34175597577715944,-40.28042889462821
-1.3993061748019415,0.49986412374037137,0.3676492929914216,-81.40285273767108
0.046980593764742055,0.005243699718183166,-0.45006547147924364,-6.152567041100166
0.2553837556743171,-0.9254246260595873,-0.8953463223630241,-76.33600850463421
-2.6968866429415717,-0.2727235697476705,-0.05429486651781221,-284.52216375699936
0.33126343140356396,-0.3092123758512146,0.9755451271223592,29.414235312556755
2.7596600389110777,1.0602099074988798,0.39241596717876703,367.4060245378821
0.8604734883597454,0.8157372125392968,-0.5830774385689385,136.62444567361035
0.6078965097165392,0.27902152577033923,0.1866091231563581,93.1902829757861
-1.280429352496283,0.6060099513456396,1.7547941819843647,-28.088046347610828
-1.3796181647889305,-0.971656734541286,-0.6267172245899651,-220.41876398798064
-1.0138959522925377,0.9242701395378298,0.08568716140335904,-14.80000897916273
-0.46649537922819795,0.9965705105794472,0.6404797952008238,46.590813426471165
0.4367385517335095,0.19894814679649453,0.40429475496169764,62.29502558012901
1.3902075490173134,0.8177662992002871,0.5578103063518622,224.21651840369853
-1.252393444413119,-0.01208894784605456,0.3636318826249679,-119.93786107528182
-1.6151318159055095,-0.03564148229748357,1.1647393544571714,-126.01194279223556
